millis,stamp,datetime,motion
1000, 1566331831, 2019/8/20 20:10:31, Inactive
1999, 1566331832, 2019/8/20 20:10:32, Active
2999, 1566331833, 2019/8/20 20:10:33, Active
3999, 1566331834, 2019/8/20 20:10:34, Active
4999, 1566331835, 2019/8/20 20:10:35, Active
5999, 1566331836, 2019/8/20 20:10:36, Active
7000, 1566331837, 2019/8/20 20:10:37, Active
7999, 1566331838, 2019/8/20 20:10:38, Active
8999, 1566331839, 2019/8/20 20:10:39, Inactive
9999, 1566331840, 2019/8/20 20:10:40, Inactive
10999, 1566331841, 2019/8/20 20:10:41, Inactive
11999, 1566331842, 2019/8/20 20:10:42, Inactive
12999, 1566331843, 2019/8/20 20:10:43, Inactive
14000, 1566331844, 2019/8/20 20:10:44, Active
14999, 1566331845, 2019/8/20 20:10:45, Active
16000, 1566331846, 2019/8/20 20:10:46, Active
16999, 1566331847, 2019/8/20 20:10:47, Active
17999, 1566331848, 2019/8/20 20:10:48, Active
18999, 1566331849, 2019/8/20 20:10:49, Active
19999, 1566331850, 2019/8/20 20:10:50, Inactive
20998, 1566331851, 2019/8/20 20:10:51, Inactive
21999, 1566331852, 2019/8/20 20:10:52, Inactive
22999, 1566331853, 2019/8/20 20:10:53, Inactive
23999, 1566331854, 2019/8/20 20:10:54, Inactive
24999, 1566331855, 2019/8/20 20:10:55, Inactive
25999, 1566331856, 2019/8/20 20:10:56, Inactive
26999, 1566331857, 2019/8/20 20:10:57, Active
27999, 1566331858, 2019/8/20 20:10:58, Active
28999, 1566331859, 2019/8/20 20:10:59, Active
30000, 1566331860, 2019/8/20 20:11:0, Active
30999, 1566331861, 2019/8/20 20:11:1, Active
32000, 1566331862, 2019/8/20 20:11:2, Active
32999, 1566331863, 2019/8/20 20:11:3, Active
33999, 1566331864, 2019/8/20 20:11:4, Active
34999, 1566331865, 2019/8/20 20:11:5, Active
35999, 1566331866, 2019/8/20 20:11:6, Active
36999, 1566331867, 2019/8/20 20:11:7, Active
37999, 1566331868, 2019/8/20 20:11:8, Active
39000, 1566331869, 2019/8/20 20:11:9, Active
39999, 1566331870, 2019/8/20 20:11:10, Active
40999, 1566331871, 2019/8/20 20:11:11, Active
